direction,seed,method,domain,n,macro_f1,accuracy,false_positive_rate,attack_recall
iot_nidd -> ton_iot,1,source,source,5999,0.8370244092119844,0.9646607767961327,0.008802143130501339,0.9884819846426461
iot_nidd -> ton_iot,1,source,target,8455,0.08301109958098853,0.3373151981076286,0.028602860286028604,0.1204608938547486
iot_nidd -> ton_iot,1,ft,source,5999,0.08181846225040149,0.2572095349224871,0.5836203597397627,0.8966331955109273
iot_nidd -> ton_iot,1,ft,target,8455,0.8152671903284503,0.9664104080425784,0.004767143381004767,0.9711941340782123
iot_nidd -> ton_iot,1,ft_mem,source,5999,0.679513842300487,0.79463243873979,0.06123230003827019,0.9713526284701713
iot_nidd -> ton_iot,1,ft_mem,target,8455,0.8118778796387293,0.9645180366646955,0.005500550055005501,0.9708449720670391
iot_nidd -> ton_iot,1,replay,source,5999,0.7426896850762925,0.9003167194532422,0.06735553004209721,0.9911399881866509
iot_nidd -> ton_iot,1,replay,target,8455,0.8116479196099647,0.9626256652868125,0.012467913458012467,0.9710195530726257
iot_nidd -> ton_iot,1,weighted,source,5999,0.5864188067254953,0.6256042673778963,0.41408342900880213,0.9914353219137626
iot_nidd -> ton_iot,1,weighted,target,8455,0.8851107858479756,0.9490242460082792,0.10451045104510451,0.9947625698324022
iot_nidd -> ton_iot,1,combined,source,5999,0.721620979946166,0.8669778296382731,0.06697282816685801,0.9884819846426461
iot_nidd -> ton_iot,1,combined,target,8455,0.8834646975993805,0.9464222353636901,0.11037770443711038,0.9945879888268156
iot_nidd -> ton_iot,2,source,source,5999,0.780340132004772,0.9601600266711119,0.007654037504783774,0.9808033077377436
iot_nidd -> ton_iot,2,source,target,8455,0.09249445953674577,0.33778829095209933,0.027136046938027136,0.10771648044692737
iot_nidd -> ton_iot,2,ft,source,5999,0.08823559922385973,0.2660443407234539,0.567929582854956,0.8759598346131128
iot_nidd -> ton_iot,2,ft,target,8455,0.8086051828738258,0.9636901241868717,0.005867253392005867,0.9711941340782123
iot_nidd -> ton_iot,2,ft_mem,source,5999,0.7245410814528486,0.8559759959993333,0.07462686567164178,0.9607206142941523
iot_nidd -> ton_iot,2,ft_mem,target,8455,0.810820559203847,0.9651094027202839,0.002566923359002567,0.9718924581005587
iot_nidd -> ton_iot,2,replay,source,5999,0.7746715005353504,0.9184864144024004,0.06659012629161883,0.9819846426461902
iot_nidd -> ton_iot,2,replay,target,8455,0.8109018618125764,0.9584861028976936,0.0022002200220022,0.9615921787709497
iot_nidd -> ton_iot,2,weighted,source,5999,0.5664876692831112,0.6051008501416902,0.582089552238806,0.9867099822799764
iot_nidd -> ton_iot,2,weighted,target,8455,0.8420876756307392,0.9474866942637492,0.10634396773010635,0.9965083798882681
iot_nidd -> ton_iot,2,combined,source,5999,0.6269136124349223,0.709284880813469,0.07347876004592423,0.987005316007088
iot_nidd -> ton_iot,2,combined,target,8455,0.7999241811502663,0.9498521584861029,0.013568023469013568,0.9708449720670391
iot_nidd -> ton_iot,3,source,source,5999,0.8650584611428769,0.9649941656942824,0.007654037504783774,0.9852333136444182
iot_nidd -> ton_iot,3,source,target,8455,0.0834240790093256,0.337906564163217,0.02676934360102677,0.13547486033519554
iot_nidd -> ton_iot,3,ft,source,5999,0.08452761175552424,0.2642107017836306,0.5713738997321087,0.8989958653278204
iot_nidd -> ton_iot,3,ft,target,8455,0.8117879670974855,0.9649911295091662,0.006600660066006601,0.9711941340782123
iot_nidd -> ton_iot,3,ft_mem,source,5999,0.7533609666249292,0.9018169694949159,0.05204745503252966,0.9548139397519196
iot_nidd -> ton_iot,3,ft_mem,target,8455,0.8133765379512518,0.9648728562980485,0.0044004400440044,0.9731145251396648
iot_nidd -> ton_iot,3,replay,source,5999,0.7632379036361797,0.9159859976662778,0.055874473784921545,0.9716479621972829
iot_nidd -> ton_iot,3,replay,target,8455,0.8109735384798528,0.9630987581312833,0.004767143381004767,0.9710195530726257
iot_nidd -> ton_iot,3,weighted,source,5999,0.5271540054349133,0.6069344890815136,0.38384998086490624,0.9692852923803899
iot_nidd -> ton_iot,3,weighted,target,8455,0.8402152607504859,0.9467770549970431,0.10524385771910524,0.9940642458100558
iot_nidd -> ton_iot,3,combined,source,5999,0.6171718983630439,0.6044340723453909,0.3819364714887103,0.9766686355581807
iot_nidd -> ton_iot,3,combined,target,8455,0.8155452407439436,0.9584861028976936,0.009900990099009901,0.9750349162011173
ton_iot -> iot_nidd,1,source,source,8455,0.8158928291019599,0.9674748669426375,0.002566923359002567,0.9715432960893855
ton_iot -> iot_nidd,1,source,target,5999,0.07818621828808892,0.25987664610768463,0.5755836203597398,0.8691671588895452
ton_iot -> iot_nidd,1,ft,source,8455,0.09176728964641008,0.33826138379657006,0.02566923359002567,0.07681564245810056
ton_iot -> iot_nidd,1,ft,target,5999,0.8248592031945577,0.9651608601433572,0.009567546880979716,0.9867099822799764
ton_iot -> iot_nidd,1,ft_mem,source,8455,0.674864741859248,0.8437610881135423,0.020535386872020535,0.9334846368715084
ton_iot -> iot_nidd,1,ft_mem,target,5999,0.806940394596738,0.9603267211201867,0.010332950631458095,0.9819846426461902
ton_iot -> iot_nidd,1,replay,source,8455,0.8121598217779589,0.8812536960378474,0.1265126512651265,0.9589734636871509
ton_iot -> iot_nidd,1,replay,target,5999,0.857501235026142,0.9681613602267044,0.008036739380022962,0.9905493207324276
ton_iot -> iot_nidd,1,weighted,source,8455,0.7104141731398013,0.8486102897693673,0.12907957462412908,0.9697974860335196
ton_iot -> iot_nidd,1,weighted,target,5999,0.8373663925725326,0.9543257209534922,0.021431305013394564,0.9861193148257531
ton_iot -> iot_nidd,1,combined,source,8455,0.8080886898753162,0.883619160260201,0.14228089475614228,0.9694483240223464
ton_iot -> iot_nidd,1,combined,target,5999,0.8358586758988655,0.9566594432405401,0.02564102564102564,0.987005316007088
ton_iot -> iot_nidd,2,source,source,8455,0.8137525298691667,0.9674748669426375,0.003667033370003667,0.9731145251396648
ton_iot -> iot_nidd,2,source,target,5999,0.09747919910677746,0.262710451741957,0.5736701109835438,0.8957471943295925
ton_iot -> iot_nidd,2,ft,source,8455,0.0820997372852424,0.3387344766410408,0.0242024202420242,0.07419692737430168
ton_iot -> iot_nidd,2,ft,target,5999,0.8196578429018435,0.9648274712452075,0.010332950631458095,0.9878913171884229
ton_iot -> iot_nidd,2,ft_mem,source,8455,0.7285766483107966,0.8812536960378474,0.03337000366703337,0.9392458100558659
ton_iot -> iot_nidd,2,ft_mem,target,5999,0.8134450962537715,0.965327554592432,0.010332950631458095,0.9873006497341996
ton_iot -> iot_nidd,2,replay,source,8455,0.7671330203531386,0.8845653459491425,0.03116978364503117,0.9455307262569832
ton_iot -> iot_nidd,2,replay,target,5999,0.6970023433903607,0.942657109518253,0.02066590126291619,0.9710572947430597
ton_iot -> iot_nidd,2,weighted,source,8455,0.7477017213234637,0.8659964518036665,0.13164649798313163,0.9638617318435754
ton_iot -> iot_nidd,2,weighted,target,5999,0.829996941903372,0.9619936656109351,0.02066590126291619,0.9917306556408741
ton_iot -> iot_nidd,2,combined,source,8455,0.8012744786048165,0.901833234772324,0.12504583791712504,0.9800977653631285
ton_iot -> iot_nidd,2,combined,target,5999,0.8561761086419301,0.9616602767127854,0.02564102564102564,0.9929119905493208
ton_iot -> iot_nidd,3,source,source,8455,0.8119638571934654,0.9667652276759314,0.0044004400440044,0.9711941340782123
ton_iot -> iot_nidd,3,source,target,5999,0.09854205777002914,0.2652108684780797,0.5771144278606966,0.8750738334317779
ton_iot -> iot_nidd,3,ft,source,8455,0.09102951581149255,0.3368421052631579,0.03006967363403007,0.046089385474860335
ton_iot -> iot_nidd,3,ft,target,5999,0.8533011003876005,0.9679946657776296,0.006123230003827019,0.9881866509155346
ton_iot -> iot_nidd,3,ft_mem,source,8455,0.7261973590632328,0.874748669426375,0.02676934360102677,0.9196927374301676
ton_iot -> iot_nidd,3,ft_mem,target,5999,0.8298246375033814,0.9631605267544591,0.009184845005740528,0.9828706438275251
ton_iot -> iot_nidd,3,replay,source,8455,0.85364453674631,0.9146067415730337,0.1342134213421342,0.979050279329609
ton_iot -> iot_nidd,3,replay,target,5999,0.8406909370164299,0.9673278879813302,0.011481056257175661,0.9920259893679858
ton_iot -> iot_nidd,3,weighted,source,8455,0.7906133665517955,0.8424600827912477,0.14704803813714704,0.9464036312849162
ton_iot -> iot_nidd,3,weighted,target,5999,0.8530499901766889,0.9663277212868812,0.015690776884806735,0.9929119905493208
ton_iot -> iot_nidd,3,combined,source,8455,0.8436069469392701,0.9075103489059728,0.15181518151815182,0.9846368715083799
ton_iot -> iot_nidd,3,combined,target,5999,0.8338594421201524,0.952492082013669,0.02602372751626483,0.9837566450088601
