run,seed,direction,method,domain,subset,n,retained_percent,surviving_classes,original_classes,absent_classes,macro_f1_percent,fpr_percent,attack_recall_percent,benign_n,attack_n
iot_nidd_to_ton_iot_seed1_row_index_fixed,1,iot_nidd_to_ton_iot,ft_mem,source,all,5999,100.0,10,10,,67.95138423004869,6.123230003827019,97.13526284701713,2613,3386
iot_nidd_to_ton_iot_seed1_row_index_fixed,1,iot_nidd_to_ton_iot,ft_mem,source,unseen_within_domain,2486,41.44024004000667,10,10,,64.70756082489653,37.77173913043478,97.16713881019831,368,2118
iot_nidd_to_ton_iot_seed1_row_index_fixed,1,iot_nidd_to_ton_iot,ft_mem,source,unseen_in_either_domain,2478,41.30688448074679,10,10,,64.63195597421849,38.611111111111114,97.16713881019831,360,2118
iot_nidd_to_ton_iot_seed1_row_index_fixed,1,iot_nidd_to_ton_iot,ft_mem,target,all,8455,100.0,12,12,,81.18778796387292,0.5500550055005501,97.08449720670392,2727,5728
iot_nidd_to_ton_iot_seed1_row_index_fixed,1,iot_nidd_to_ton_iot,ft_mem,target,unseen_within_domain,6225,73.62507392075695,12,12,,83.33842541096139,0.7104795737122558,99.18430335097001,1689,4536
iot_nidd_to_ton_iot_seed1_row_index_fixed,1,iot_nidd_to_ton_iot,ft_mem,target,unseen_in_either_domain,6223,73.60141927853341,12,12,,83.33828420217789,0.7113218731475993,99.18430335097001,1687,4536
iot_nidd_to_ton_iot_seed1_row_index_fixed,1,iot_nidd_to_ton_iot,replay,source,all,5999,100.0,10,10,,74.26896850762925,6.735553004209721,99.1139988186651,2613,3386
iot_nidd_to_ton_iot_seed1_row_index_fixed,1,iot_nidd_to_ton_iot,replay,source,unseen_within_domain,2486,41.44024004000667,10,10,,69.21186940593881,40.76086956521739,99.24457034938622,368,2118
iot_nidd_to_ton_iot_seed1_row_index_fixed,1,iot_nidd_to_ton_iot,replay,source,unseen_in_either_domain,2478,41.30688448074679,10,10,,69.13657998387583,41.66666666666667,99.24457034938622,360,2118
iot_nidd_to_ton_iot_seed1_row_index_fixed,1,iot_nidd_to_ton_iot,replay,target,all,8455,100.0,12,12,,81.16479196099647,1.2467913458012467,97.10195530726257,2727,5728
iot_nidd_to_ton_iot_seed1_row_index_fixed,1,iot_nidd_to_ton_iot,replay,target,unseen_within_domain,6225,73.62507392075695,12,12,,83.29110824529536,1.0657193605683837,99.22839506172839,1689,4536
iot_nidd_to_ton_iot_seed1_row_index_fixed,1,iot_nidd_to_ton_iot,replay,target,unseen_in_either_domain,6223,73.60141927853341,12,12,,83.29095478817425,1.066982809721399,99.22839506172839,1687,4536
iot_nidd_to_ton_iot_seed1_row_index_fixed,1,iot_nidd_to_ton_iot,weighted,source,all,5999,100.0,10,10,,58.641880672549526,41.408342900880214,99.14353219137627,2613,3386
iot_nidd_to_ton_iot_seed1_row_index_fixed,1,iot_nidd_to_ton_iot,weighted,source,unseen_within_domain,2486,41.44024004000667,10,10,,55.000968665500295,52.71739130434783,98.72521246458923,368,2118
iot_nidd_to_ton_iot_seed1_row_index_fixed,1,iot_nidd_to_ton_iot,weighted,source,unseen_in_either_domain,2478,41.30688448074679,10,10,,54.88859233190529,53.888888888888886,98.72521246458923,360,2118
iot_nidd_to_ton_iot_seed1_row_index_fixed,1,iot_nidd_to_ton_iot,weighted,target,all,8455,100.0,12,12,,88.51107858479756,10.45104510451045,99.47625698324022,2727,5728
iot_nidd_to_ton_iot_seed1_row_index_fixed,1,iot_nidd_to_ton_iot,weighted,target,unseen_within_domain,6225,73.62507392075695,12,12,,84.47403806649959,0.8880994671403196,99.33862433862434,1689,4536
iot_nidd_to_ton_iot_seed1_row_index_fixed,1,iot_nidd_to_ton_iot,weighted,target,unseen_in_either_domain,6223,73.60141927853341,12,12,,84.4739076189785,0.8891523414344991,99.33862433862434,1687,4536
iot_nidd_to_ton_iot_seed1_row_index_fixed,1,iot_nidd_to_ton_iot,combined,source,all,5999,100.0,10,10,,72.1620979946166,6.697282816685801,98.84819846426461,2613,3386
iot_nidd_to_ton_iot_seed1_row_index_fixed,1,iot_nidd_to_ton_iot,combined,source,unseen_within_domain,2486,41.44024004000667,10,10,,66.22166753099667,40.21739130434783,98.91406987724268,368,2118
iot_nidd_to_ton_iot_seed1_row_index_fixed,1,iot_nidd_to_ton_iot,combined,source,unseen_in_either_domain,2478,41.30688448074679,10,10,,66.14640862219584,41.11111111111111,98.91406987724268,360,2118
iot_nidd_to_ton_iot_seed1_row_index_fixed,1,iot_nidd_to_ton_iot,combined,target,all,8455,100.0,12,12,,88.34646975993805,11.037770443711038,99.45879888268156,2727,5728
iot_nidd_to_ton_iot_seed1_row_index_fixed,1,iot_nidd_to_ton_iot,combined,target,unseen_within_domain,6225,73.62507392075695,12,12,,82.96605783834652,0.8880994671403196,99.31657848324515,1689,4536
iot_nidd_to_ton_iot_seed1_row_index_fixed,1,iot_nidd_to_ton_iot,combined,target,unseen_in_either_domain,6223,73.60141927853341,12,12,,82.96592457060409,0.8891523414344991,99.31657848324515,1687,4536
iot_nidd_to_ton_iot_seed2_row_index_fixed,2,iot_nidd_to_ton_iot,ft_mem,source,all,5999,100.0,10,10,,72.45410814528486,7.462686567164178,96.07206142941523,2613,3386
iot_nidd_to_ton_iot_seed2_row_index_fixed,2,iot_nidd_to_ton_iot,ft_mem,source,unseen_within_domain,2486,41.44024004000667,10,10,,69.21901040845381,47.28260869565217,95.51463644948063,368,2118
iot_nidd_to_ton_iot_seed2_row_index_fixed,2,iot_nidd_to_ton_iot,ft_mem,source,unseen_in_either_domain,2478,41.30688448074679,10,10,,69.11681088668298,48.333333333333336,95.51463644948063,360,2118
iot_nidd_to_ton_iot_seed2_row_index_fixed,2,iot_nidd_to_ton_iot,ft_mem,target,all,8455,100.0,12,12,,81.0820559203847,0.2566923359002567,97.18924581005587,2727,5728
iot_nidd_to_ton_iot_seed2_row_index_fixed,2,iot_nidd_to_ton_iot,ft_mem,target,unseen_within_domain,6225,73.62507392075695,12,12,,83.094081728391,0.4144464179988159,99.33862433862434,1689,4536
iot_nidd_to_ton_iot_seed2_row_index_fixed,2,iot_nidd_to_ton_iot,ft_mem,target,unseen_in_either_domain,6223,73.60141927853341,12,12,,83.09397497583295,0.4149377593360996,99.33862433862434,1687,4536
iot_nidd_to_ton_iot_seed2_row_index_fixed,2,iot_nidd_to_ton_iot,replay,source,all,5999,100.0,10,10,,77.46715005353504,6.659012629161882,98.19846426461902,2613,3386
iot_nidd_to_ton_iot_seed2_row_index_fixed,2,iot_nidd_to_ton_iot,replay,source,unseen_within_domain,2486,41.44024004000667,10,10,,75.33431462323857,40.48913043478261,97.87535410764873,368,2118
iot_nidd_to_ton_iot_seed2_row_index_fixed,2,iot_nidd_to_ton_iot,replay,source,unseen_in_either_domain,2478,41.30688448074679,10,10,,75.25458422705246,41.388888888888886,97.87535410764873,360,2118
iot_nidd_to_ton_iot_seed2_row_index_fixed,2,iot_nidd_to_ton_iot,replay,target,all,8455,100.0,12,12,,81.09018618125764,0.22002200220022,96.15921787709497,2727,5728
iot_nidd_to_ton_iot_seed2_row_index_fixed,2,iot_nidd_to_ton_iot,replay,target,unseen_within_domain,6225,73.62507392075695,12,12,,83.98266403036384,0.3552397868561279,99.20634920634922,1689,4536
iot_nidd_to_ton_iot_seed2_row_index_fixed,2,iot_nidd_to_ton_iot,replay,target,unseen_in_either_domain,6223,73.60141927853341,12,12,,83.9825433493644,0.35566093657379966,99.20634920634922,1687,4536
iot_nidd_to_ton_iot_seed2_row_index_fixed,2,iot_nidd_to_ton_iot,weighted,source,all,5999,100.0,10,10,,56.648766928311126,58.2089552238806,98.67099822799764,2613,3386
iot_nidd_to_ton_iot_seed2_row_index_fixed,2,iot_nidd_to_ton_iot,weighted,source,unseen_within_domain,2486,41.44024004000667,10,10,,57.58915082698388,48.91304347826087,98.53635505193579,368,2118
iot_nidd_to_ton_iot_seed2_row_index_fixed,2,iot_nidd_to_ton_iot,weighted,source,unseen_in_either_domain,2478,41.30688448074679,10,10,,57.4884279253528,50.0,98.53635505193579,360,2118
iot_nidd_to_ton_iot_seed2_row_index_fixed,2,iot_nidd_to_ton_iot,weighted,target,all,8455,100.0,12,12,,84.20876756307392,10.634396773010636,99.65083798882681,2727,5728
iot_nidd_to_ton_iot_seed2_row_index_fixed,2,iot_nidd_to_ton_iot,weighted,target,unseen_within_domain,6225,73.62507392075695,12,12,,83.48134959207569,0.2368265245707519,99.55908289241623,1689,4536
iot_nidd_to_ton_iot_seed2_row_index_fixed,2,iot_nidd_to_ton_iot,weighted,target,unseen_in_either_domain,6223,73.60141927853341,12,12,,83.48128006107963,0.23710729104919975,99.55908289241623,1687,4536
iot_nidd_to_ton_iot_seed2_row_index_fixed,2,iot_nidd_to_ton_iot,combined,source,all,5999,100.0,10,10,,62.691361243492224,7.347876004592423,98.7005316007088,2613,3386
iot_nidd_to_ton_iot_seed2_row_index_fixed,2,iot_nidd_to_ton_iot,combined,source,unseen_within_domain,2486,41.44024004000667,10,10,,60.17544129686583,45.380434782608695,98.63078375826251,368,2118
iot_nidd_to_ton_iot_seed2_row_index_fixed,2,iot_nidd_to_ton_iot,combined,source,unseen_in_either_domain,2478,41.30688448074679,10,10,,60.085335675608256,46.38888888888889,98.63078375826251,360,2118
iot_nidd_to_ton_iot_seed2_row_index_fixed,2,iot_nidd_to_ton_iot,combined,target,all,8455,100.0,12,12,,79.99241811502664,1.3568023469013568,97.08449720670392,2727,5728
iot_nidd_to_ton_iot_seed2_row_index_fixed,2,iot_nidd_to_ton_iot,combined,target,unseen_within_domain,6225,73.62507392075695,12,12,,81.58833499293262,1.0657193605683837,99.18430335097001,1689,4536
iot_nidd_to_ton_iot_seed2_row_index_fixed,2,iot_nidd_to_ton_iot,combined,target,unseen_in_either_domain,6223,73.60141927853341,12,12,,81.588175932548,1.066982809721399,99.18430335097001,1687,4536
iot_nidd_to_ton_iot_seed3_row_index_fixed,3,iot_nidd_to_ton_iot,ft_mem,source,all,5999,100.0,10,10,,75.33609666249292,5.2047455032529655,95.48139397519196,2613,3386
iot_nidd_to_ton_iot_seed3_row_index_fixed,3,iot_nidd_to_ton_iot,ft_mem,source,unseen_within_domain,2486,41.44024004000667,10,10,,73.59333889834362,31.521739130434785,94.7119924457035,368,2118
iot_nidd_to_ton_iot_seed3_row_index_fixed,3,iot_nidd_to_ton_iot,ft_mem,source,unseen_in_either_domain,2478,41.30688448074679,10,10,,73.52373545480484,32.22222222222222,94.7119924457035,360,2118
iot_nidd_to_ton_iot_seed3_row_index_fixed,3,iot_nidd_to_ton_iot,ft_mem,target,all,8455,100.0,12,12,,81.33765379512518,0.44004400440044,97.31145251396647,2727,5728
iot_nidd_to_ton_iot_seed3_row_index_fixed,3,iot_nidd_to_ton_iot,ft_mem,target,unseen_within_domain,6225,73.62507392075695,12,12,,83.84440784798929,0.7104795737122558,99.49294532627866,1689,4536
iot_nidd_to_ton_iot_seed3_row_index_fixed,3,iot_nidd_to_ton_iot,ft_mem,target,unseen_in_either_domain,6223,73.60141927853341,12,12,,83.84430614902087,0.7113218731475993,99.49294532627866,1687,4536
iot_nidd_to_ton_iot_seed3_row_index_fixed,3,iot_nidd_to_ton_iot,replay,source,all,5999,100.0,10,10,,76.32379036361797,5.587447378492154,97.16479621972829,2613,3386
iot_nidd_to_ton_iot_seed3_row_index_fixed,3,iot_nidd_to_ton_iot,replay,source,unseen_within_domain,2486,41.44024004000667,10,10,,73.26586913340144,35.05434782608695,96.45892351274787,368,2118
iot_nidd_to_ton_iot_seed3_row_index_fixed,3,iot_nidd_to_ton_iot,replay,source,unseen_in_either_domain,2478,41.30688448074679,10,10,,73.19400841637943,35.833333333333336,96.45892351274787,360,2118
iot_nidd_to_ton_iot_seed3_row_index_fixed,3,iot_nidd_to_ton_iot,replay,target,all,8455,100.0,12,12,,81.09735384798527,0.47671433810047675,97.10195530726257,2727,5728
iot_nidd_to_ton_iot_seed3_row_index_fixed,3,iot_nidd_to_ton_iot,replay,target,unseen_within_domain,6225,73.62507392075695,12,12,,83.04641391767724,0.7696862048549438,99.22839506172839,1689,4536
iot_nidd_to_ton_iot_seed3_row_index_fixed,3,iot_nidd_to_ton_iot,replay,target,unseen_in_either_domain,6223,73.60141927853341,12,12,,83.04627534634764,0.7705986959098993,99.22839506172839,1687,4536
iot_nidd_to_ton_iot_seed3_row_index_fixed,3,iot_nidd_to_ton_iot,weighted,source,all,5999,100.0,10,10,,52.71540054349133,38.384998086490626,96.92852923803899,2613,3386
iot_nidd_to_ton_iot_seed3_row_index_fixed,3,iot_nidd_to_ton_iot,weighted,source,unseen_within_domain,2486,41.44024004000667,10,10,,50.337338295000635,33.15217391304348,95.46742209631728,368,2118
iot_nidd_to_ton_iot_seed3_row_index_fixed,3,iot_nidd_to_ton_iot,weighted,source,unseen_in_either_domain,2478,41.30688448074679,10,10,,50.26655045557214,33.88888888888889,95.46742209631728,360,2118
iot_nidd_to_ton_iot_seed3_row_index_fixed,3,iot_nidd_to_ton_iot,weighted,target,all,8455,100.0,12,12,,84.0215260750486,10.524385771910524,99.40642458100558,2727,5728
iot_nidd_to_ton_iot_seed3_row_index_fixed,3,iot_nidd_to_ton_iot,weighted,target,unseen_within_domain,6225,73.62507392075695,12,12,,82.90313754334775,1.0065127294256957,99.25044091710758,1689,4536
iot_nidd_to_ton_iot_seed3_row_index_fixed,3,iot_nidd_to_ton_iot,weighted,target,unseen_in_either_domain,6223,73.60141927853341,12,12,,82.9029898770614,1.007705986959099,99.25044091710758,1687,4536
iot_nidd_to_ton_iot_seed3_row_index_fixed,3,iot_nidd_to_ton_iot,combined,source,all,5999,100.0,10,10,,61.717189836304385,38.19364714887103,97.66686355581807,2613,3386
iot_nidd_to_ton_iot_seed3_row_index_fixed,3,iot_nidd_to_ton_iot,combined,source,unseen_within_domain,2486,41.44024004000667,10,10,,68.66311511355593,35.05434782608695,96.69499527856469,368,2118
iot_nidd_to_ton_iot_seed3_row_index_fixed,3,iot_nidd_to_ton_iot,combined,source,unseen_in_either_domain,2478,41.30688448074679,10,10,,68.59196379857504,35.833333333333336,96.69499527856469,360,2118
iot_nidd_to_ton_iot_seed3_row_index_fixed,3,iot_nidd_to_ton_iot,combined,target,all,8455,100.0,12,12,,81.55452407439437,0.9900990099009901,97.50349162011173,2727,5728
iot_nidd_to_ton_iot_seed3_row_index_fixed,3,iot_nidd_to_ton_iot,combined,target,unseen_within_domain,6225,73.62507392075695,12,12,,84.78094797737513,1.4801657785671996,99.73544973544973,1689,4536
iot_nidd_to_ton_iot_seed3_row_index_fixed,3,iot_nidd_to_ton_iot,combined,target,unseen_in_either_domain,6223,73.60141927853341,12,12,,84.7808389270692,1.4819205690574984,99.73544973544973,1687,4536
ton_iot_to_iot_nidd_seed1_row_index_fixed,1,ton_iot_to_iot_nidd,ft_mem,source,all,8455,100.0,12,12,,67.4864741859248,2.0535386872020536,93.34846368715084,2727,5728
ton_iot_to_iot_nidd_seed1_row_index_fixed,1,ton_iot_to_iot_nidd,ft_mem,source,unseen_within_domain,6225,73.62507392075695,12,12,,69.07555981002336,3.137951450562463,95.76719576719577,1689,4536
ton_iot_to_iot_nidd_seed1_row_index_fixed,1,ton_iot_to_iot_nidd,ft_mem,source,unseen_in_either_domain,6223,73.60141927853341,12,12,,69.0748988209025,3.141671606401897,95.76719576719577,1687,4536
ton_iot_to_iot_nidd_seed1_row_index_fixed,1,ton_iot_to_iot_nidd,ft_mem,target,all,5999,100.0,10,10,,80.6940394596738,1.0332950631458095,98.19846426461902,2613,3386
ton_iot_to_iot_nidd_seed1_row_index_fixed,1,ton_iot_to_iot_nidd,ft_mem,target,unseen_within_domain,2486,41.44024004000667,10,10,,80.99035800501294,5.706521739130435,98.30028328611898,368,2118
ton_iot_to_iot_nidd_seed1_row_index_fixed,1,ton_iot_to_iot_nidd,ft_mem,target,unseen_in_either_domain,2478,41.30688448074679,10,10,,80.97383581691,5.833333333333333,98.30028328611898,360,2118
ton_iot_to_iot_nidd_seed1_row_index_fixed,1,ton_iot_to_iot_nidd,replay,source,all,8455,100.0,12,12,,81.2159821777959,12.651265126512651,95.89734636871509,2727,5728
ton_iot_to_iot_nidd_seed1_row_index_fixed,1,ton_iot_to_iot_nidd,replay,source,unseen_within_domain,6225,73.62507392075695,12,12,,74.7904710414157,4.440497335701599,95.98765432098766,1689,4536
ton_iot_to_iot_nidd_seed1_row_index_fixed,1,ton_iot_to_iot_nidd,replay,source,unseen_in_either_domain,6223,73.60141927853341,12,12,,74.78976487824612,4.445761707172496,95.98765432098766,1687,4536
ton_iot_to_iot_nidd_seed1_row_index_fixed,1,ton_iot_to_iot_nidd,replay,target,all,5999,100.0,10,10,,85.7501235026142,0.8036739380022963,99.05493207324277,2613,3386
ton_iot_to_iot_nidd_seed1_row_index_fixed,1,ton_iot_to_iot_nidd,replay,target,unseen_within_domain,2486,41.44024004000667,10,10,,86.58161025638611,4.076086956521739,99.19735599622285,368,2118
ton_iot_to_iot_nidd_seed1_row_index_fixed,1,ton_iot_to_iot_nidd,replay,target,unseen_in_either_domain,2478,41.30688448074679,10,10,,86.57200129603056,4.166666666666666,99.19735599622285,360,2118
ton_iot_to_iot_nidd_seed1_row_index_fixed,1,ton_iot_to_iot_nidd,weighted,source,all,8455,100.0,12,12,,71.04141731398013,12.907957462412908,96.97974860335195,2727,5728
ton_iot_to_iot_nidd_seed1_row_index_fixed,1,ton_iot_to_iot_nidd,weighted,source,unseen_within_domain,6225,73.62507392075695,12,12,,68.23502881880395,3.9076376554174073,96.25220458553791,1689,4536
ton_iot_to_iot_nidd_seed1_row_index_fixed,1,ton_iot_to_iot_nidd,weighted,source,unseen_in_either_domain,6223,73.60141927853341,12,12,,68.23437923916454,3.912270302311796,96.25220458553791,1687,4536
ton_iot_to_iot_nidd_seed1_row_index_fixed,1,ton_iot_to_iot_nidd,weighted,target,all,5999,100.0,10,10,,83.73663925725326,2.1431305013394564,98.61193148257532,2613,3386
ton_iot_to_iot_nidd_seed1_row_index_fixed,1,ton_iot_to_iot_nidd,weighted,target,unseen_within_domain,2486,41.44024004000667,10,10,,84.40569836514597,11.141304347826086,98.86685552407933,368,2118
ton_iot_to_iot_nidd_seed1_row_index_fixed,1,ton_iot_to_iot_nidd,weighted,target,unseen_in_either_domain,2478,41.30688448074679,10,10,,84.38512292549433,11.38888888888889,98.86685552407933,360,2118
ton_iot_to_iot_nidd_seed1_row_index_fixed,1,ton_iot_to_iot_nidd,combined,source,all,8455,100.0,12,12,,80.80886898753162,14.228089475614228,96.94483240223464,2727,5728
ton_iot_to_iot_nidd_seed1_row_index_fixed,1,ton_iot_to_iot_nidd,combined,source,unseen_within_domain,6225,73.62507392075695,12,12,,75.08440194480931,6.039076376554174,96.14197530864197,1689,4536
ton_iot_to_iot_nidd_seed1_row_index_fixed,1,ton_iot_to_iot_nidd,combined,source,unseen_in_either_domain,6223,73.60141927853341,12,12,,75.08362574725209,6.046235921754594,96.14197530864197,1687,4536
ton_iot_to_iot_nidd_seed1_row_index_fixed,1,ton_iot_to_iot_nidd,combined,target,all,5999,100.0,10,10,,83.58586758988655,2.564102564102564,98.7005316007088,2613,3386
ton_iot_to_iot_nidd_seed1_row_index_fixed,1,ton_iot_to_iot_nidd,combined,target,unseen_within_domain,2486,41.44024004000667,10,10,,84.19973299010974,13.043478260869565,98.72521246458923,368,2118
ton_iot_to_iot_nidd_seed1_row_index_fixed,1,ton_iot_to_iot_nidd,combined,target,unseen_in_either_domain,2478,41.30688448074679,10,10,,84.17572266567021,13.333333333333334,98.72521246458923,360,2118
ton_iot_to_iot_nidd_seed2_row_index_fixed,2,ton_iot_to_iot_nidd,ft_mem,source,all,8455,100.0,12,12,,72.85766483107966,3.3370003667033368,93.92458100558659,2727,5728
ton_iot_to_iot_nidd_seed2_row_index_fixed,2,ton_iot_to_iot_nidd,ft_mem,source,unseen_within_domain,6225,73.62507392075695,12,12,,72.43856765501162,5.210183540556542,96.42857142857143,1689,4536
ton_iot_to_iot_nidd_seed2_row_index_fixed,2,ton_iot_to_iot_nidd,ft_mem,source,unseen_in_either_domain,6223,73.60141927853341,12,12,,72.43786752175104,5.216360403082395,96.42857142857143,1687,4536
ton_iot_to_iot_nidd_seed2_row_index_fixed,2,ton_iot_to_iot_nidd,ft_mem,target,all,5999,100.0,10,10,,81.34450962537714,1.0332950631458095,98.73006497341996,2613,3386
ton_iot_to_iot_nidd_seed2_row_index_fixed,2,ton_iot_to_iot_nidd,ft_mem,target,unseen_within_domain,2486,41.44024004000667,10,10,,81.72433069846285,5.978260869565218,99.05571293673276,368,2118
ton_iot_to_iot_nidd_seed2_row_index_fixed,2,ton_iot_to_iot_nidd,ft_mem,target,unseen_in_either_domain,2478,41.30688448074679,10,10,,81.71157956566132,6.111111111111111,99.05571293673276,360,2118
ton_iot_to_iot_nidd_seed2_row_index_fixed,2,ton_iot_to_iot_nidd,replay,source,all,8455,100.0,12,12,,76.71330203531386,3.116978364503117,94.55307262569832,2727,5728
ton_iot_to_iot_nidd_seed2_row_index_fixed,2,ton_iot_to_iot_nidd,replay,source,unseen_within_domain,6225,73.62507392075695,12,12,,75.83768681835798,4.8549437537004145,97.22222222222221,1689,4536
ton_iot_to_iot_nidd_seed2_row_index_fixed,2,ton_iot_to_iot_nidd,replay,source,unseen_in_either_domain,6223,73.60141927853341,12,12,,75.83709404317035,4.860699466508596,97.22222222222221,1687,4536
ton_iot_to_iot_nidd_seed2_row_index_fixed,2,ton_iot_to_iot_nidd,replay,target,all,5999,100.0,10,10,,69.70023433903607,2.066590126291619,97.10572947430597,2613,3386
ton_iot_to_iot_nidd_seed2_row_index_fixed,2,ton_iot_to_iot_nidd,replay,target,unseen_within_domain,2486,41.44024004000667,10,10,,71.42969009020268,9.239130434782608,97.45042492917847,368,2118
ton_iot_to_iot_nidd_seed2_row_index_fixed,2,ton_iot_to_iot_nidd,replay,target,unseen_in_either_domain,2478,41.30688448074679,10,10,,71.40452206503467,9.444444444444445,97.45042492917847,360,2118
ton_iot_to_iot_nidd_seed2_row_index_fixed,2,ton_iot_to_iot_nidd,weighted,source,all,8455,100.0,12,12,,74.77017213234637,13.164649798313164,96.38617318435753,2727,5728
ton_iot_to_iot_nidd_seed2_row_index_fixed,2,ton_iot_to_iot_nidd,weighted,source,unseen_within_domain,6225,73.62507392075695,12,12,,71.7728914904103,4.322084073416223,96.6710758377425,1689,4536
ton_iot_to_iot_nidd_seed2_row_index_fixed,2,ton_iot_to_iot_nidd,weighted,source,unseen_in_either_domain,6223,73.60141927853341,12,12,,71.77226562313707,4.327208061647895,96.6710758377425,1687,4536
ton_iot_to_iot_nidd_seed2_row_index_fixed,2,ton_iot_to_iot_nidd,weighted,target,all,5999,100.0,10,10,,82.99969419033721,2.066590126291619,99.17306556408741,2613,3386
ton_iot_to_iot_nidd_seed2_row_index_fixed,2,ton_iot_to_iot_nidd,weighted,target,unseen_within_domain,2486,41.44024004000667,10,10,,83.40650703018045,11.684782608695652,99.3862134088763,368,2118
ton_iot_to_iot_nidd_seed2_row_index_fixed,2,ton_iot_to_iot_nidd,weighted,target,unseen_in_either_domain,2478,41.30688448074679,10,10,,83.38811396042637,11.944444444444445,99.3862134088763,360,2118
ton_iot_to_iot_nidd_seed2_row_index_fixed,2,ton_iot_to_iot_nidd,combined,source,all,8455,100.0,12,12,,80.12744786048165,12.504583791712504,98.00977653631286,2727,5728
ton_iot_to_iot_nidd_seed2_row_index_fixed,2,ton_iot_to_iot_nidd,combined,source,unseen_within_domain,6225,73.62507392075695,12,12,,72.90791999462837,3.256364712847839,97.55291005291006,1689,4536
ton_iot_to_iot_nidd_seed2_row_index_fixed,2,ton_iot_to_iot_nidd,combined,source,unseen_in_either_domain,6223,73.60141927853341,12,12,,72.90745021690115,3.260225251926497,97.55291005291006,1687,4536
ton_iot_to_iot_nidd_seed2_row_index_fixed,2,ton_iot_to_iot_nidd,combined,target,all,5999,100.0,10,10,,85.61761086419301,2.564102564102564,99.29119905493208,2613,3386
ton_iot_to_iot_nidd_seed2_row_index_fixed,2,ton_iot_to_iot_nidd,combined,target,unseen_within_domain,2486,41.44024004000667,10,10,,85.71718457339321,13.043478260869565,99.57507082152975,368,2118
ton_iot_to_iot_nidd_seed2_row_index_fixed,2,ton_iot_to_iot_nidd,combined,target,unseen_in_either_domain,2478,41.30688448074679,10,10,,85.69797069895336,13.333333333333334,99.57507082152975,360,2118
ton_iot_to_iot_nidd_seed3_row_index_fixed,3,ton_iot_to_iot_nidd,ft_mem,source,all,8455,100.0,12,12,,72.61973590632329,2.676934360102677,91.96927374301676,2727,5728
ton_iot_to_iot_nidd_seed3_row_index_fixed,3,ton_iot_to_iot_nidd,ft_mem,source,unseen_within_domain,6225,73.62507392075695,12,12,,74.37158787599083,4.144464179988159,96.53880070546738,1689,4536
ton_iot_to_iot_nidd_seed3_row_index_fixed,3,ton_iot_to_iot_nidd,ft_mem,source,unseen_in_either_domain,6223,73.60141927853341,12,12,,74.37095691898887,4.149377593360995,96.53880070546738,1687,4536
ton_iot_to_iot_nidd_seed3_row_index_fixed,3,ton_iot_to_iot_nidd,ft_mem,target,all,5999,100.0,10,10,,82.98246375033814,0.9184845005740528,98.2870643827525,2613,3386
ton_iot_to_iot_nidd_seed3_row_index_fixed,3,ton_iot_to_iot_nidd,ft_mem,target,unseen_within_domain,2486,41.44024004000667,10,10,,83.21823044478336,4.891304347826087,98.44192634560906,368,2118
ton_iot_to_iot_nidd_seed3_row_index_fixed,3,ton_iot_to_iot_nidd,ft_mem,target,unseen_in_either_domain,2478,41.30688448074679,10,10,,83.20344743437546,5.0,98.44192634560906,360,2118
ton_iot_to_iot_nidd_seed3_row_index_fixed,3,ton_iot_to_iot_nidd,replay,source,all,8455,100.0,12,12,,85.36445367463101,13.421342134213422,97.90502793296089,2727,5728
ton_iot_to_iot_nidd_seed3_row_index_fixed,3,ton_iot_to_iot_nidd,replay,source,unseen_within_domain,6225,73.62507392075695,12,12,,79.64388847052058,5.0917702782711665,97.42063492063492,1689,4536
ton_iot_to_iot_nidd_seed3_row_index_fixed,3,ton_iot_to_iot_nidd,replay,source,unseen_in_either_domain,6223,73.60141927853341,12,12,,79.6433055213809,5.0978067575577946,97.42063492063492,1687,4536
ton_iot_to_iot_nidd_seed3_row_index_fixed,3,ton_iot_to_iot_nidd,replay,target,all,5999,100.0,10,10,,84.069093701643,1.1481056257175661,99.20259893679858,2613,3386
ton_iot_to_iot_nidd_seed3_row_index_fixed,3,ton_iot_to_iot_nidd,replay,target,unseen_within_domain,2486,41.44024004000667,10,10,,84.6523344601818,4.3478260869565215,99.43342776203966,368,2118
ton_iot_to_iot_nidd_seed3_row_index_fixed,3,ton_iot_to_iot_nidd,replay,target,unseen_in_either_domain,2478,41.30688448074679,10,10,,84.64378666887002,4.444444444444445,99.43342776203966,360,2118
ton_iot_to_iot_nidd_seed3_row_index_fixed,3,ton_iot_to_iot_nidd,weighted,source,all,8455,100.0,12,12,,79.06133665517955,14.704803813714703,94.64036312849163,2727,5728
ton_iot_to_iot_nidd_seed3_row_index_fixed,3,ton_iot_to_iot_nidd,weighted,source,unseen_within_domain,6225,73.62507392075695,12,12,,73.62759357047462,6.216696269982238,96.97971781305115,1689,4536
ton_iot_to_iot_nidd_seed3_row_index_fixed,3,ton_iot_to_iot_nidd,weighted,source,unseen_in_either_domain,6223,73.60141927853341,12,12,,73.62689903395147,6.224066390041494,96.97971781305115,1687,4536
ton_iot_to_iot_nidd_seed3_row_index_fixed,3,ton_iot_to_iot_nidd,weighted,target,all,5999,100.0,10,10,,85.30499901766889,1.5690776884806734,99.29119905493208,2613,3386
ton_iot_to_iot_nidd_seed3_row_index_fixed,3,ton_iot_to_iot_nidd,weighted,target,unseen_within_domain,2486,41.44024004000667,10,10,,85.7391282241066,9.239130434782608,99.57507082152975,368,2118
ton_iot_to_iot_nidd_seed3_row_index_fixed,3,ton_iot_to_iot_nidd,weighted,target,unseen_in_either_domain,2478,41.30688448074679,10,10,,85.72520518532242,9.444444444444445,99.57507082152975,360,2118
ton_iot_to_iot_nidd_seed3_row_index_fixed,3,ton_iot_to_iot_nidd,combined,source,all,8455,100.0,12,12,,84.360694693927,15.181518151815181,98.46368715083798,2727,5728
ton_iot_to_iot_nidd_seed3_row_index_fixed,3,ton_iot_to_iot_nidd,combined,source,unseen_within_domain,6225,73.62507392075695,12,12,,78.74226613807909,7.93368857312019,98.12610229276896,1689,4536
ton_iot_to_iot_nidd_seed3_row_index_fixed,3,ton_iot_to_iot_nidd,combined,source,unseen_in_either_domain,6223,73.60141927853341,12,12,,78.74160663410738,7.943094250148191,98.12610229276896,1687,4536
ton_iot_to_iot_nidd_seed3_row_index_fixed,3,ton_iot_to_iot_nidd,combined,target,all,5999,100.0,10,10,,83.38594421201523,2.6023727516264827,98.375664500886,2613,3386
ton_iot_to_iot_nidd_seed3_row_index_fixed,3,ton_iot_to_iot_nidd,combined,target,unseen_within_domain,2486,41.44024004000667,10,10,,83.02891348997082,13.31521739130435,98.30028328611898,368,2118
ton_iot_to_iot_nidd_seed3_row_index_fixed,3,ton_iot_to_iot_nidd,combined,target,unseen_in_either_domain,2478,41.30688448074679,10,10,,83.00230739130524,13.61111111111111,98.30028328611898,360,2118
