run,method,elapsed_seconds,best_epoch,last_epoch
iot_nidd_to_ton_iot_seed1_row_index_fixed,ft_mem,136.11507558822632,106,186
iot_nidd_to_ton_iot_seed1_row_index_fixed,replay,134.68954944610596,131,200
iot_nidd_to_ton_iot_seed1_row_index_fixed,weighted,161.73814797401428,124,200
iot_nidd_to_ton_iot_seed1_row_index_fixed,combined,184.98923802375793,141,200
iot_nidd_to_ton_iot_seed2_row_index_fixed,ft_mem,144.74634432792664,197,200
iot_nidd_to_ton_iot_seed2_row_index_fixed,replay,150.52016377449036,186,200
iot_nidd_to_ton_iot_seed2_row_index_fixed,weighted,152.82409620285034,97,200
iot_nidd_to_ton_iot_seed2_row_index_fixed,combined,146.9182424545288,77,197
iot_nidd_to_ton_iot_seed3_row_index_fixed,ft_mem,139.1070852279663,165,200
iot_nidd_to_ton_iot_seed3_row_index_fixed,replay,145.26156210899353,143,200
iot_nidd_to_ton_iot_seed3_row_index_fixed,weighted,121.00603222846985,97,177
iot_nidd_to_ton_iot_seed3_row_index_fixed,combined,147.3740222454071,147,200
ton_iot_to_iot_nidd_seed1_row_index_fixed,ft_mem,110.81836915016174,180,200
ton_iot_to_iot_nidd_seed1_row_index_fixed,replay,106.10231804847717,196,200
ton_iot_to_iot_nidd_seed1_row_index_fixed,weighted,100.13221049308777,177,200
ton_iot_to_iot_nidd_seed1_row_index_fixed,combined,105.31104946136475,119,200
ton_iot_to_iot_nidd_seed2_row_index_fixed,ft_mem,100.26513481140137,163,200
ton_iot_to_iot_nidd_seed2_row_index_fixed,replay,100.87845134735107,68,188
ton_iot_to_iot_nidd_seed2_row_index_fixed,weighted,105.31695747375488,118,200
ton_iot_to_iot_nidd_seed2_row_index_fixed,combined,102.58327341079712,136,200
ton_iot_to_iot_nidd_seed3_row_index_fixed,ft_mem,105.66788101196289,88,188
ton_iot_to_iot_nidd_seed3_row_index_fixed,replay,111.75745892524719,151,200
ton_iot_to_iot_nidd_seed3_row_index_fixed,weighted,111.70057535171509,105,200
ton_iot_to_iot_nidd_seed3_row_index_fixed,combined,108.17348670959473,73,193
